{
  "accuracy": 0.625,
  "macro_f1": 0.3735875706214689,
  "classification_report": {
    "High": {
      "precision": 0.0,
      "recall": 0.0,
      "f1-score": 0.0,
      "support": 5.0
    },
    "Low": {
      "precision": 0.75,
      "recall": 0.25,
      "f1-score": 0.375,
      "support": 12.0
    },
    "Medium": {
      "precision": 0.6111111111111112,
      "recall": 0.9565217391304348,
      "f1-score": 0.7457627118644068,
      "support": 23.0
    },
    "accuracy": 0.625,
    "macro avg": {
      "precision": 0.4537037037037037,
      "recall": 0.40217391304347827,
      "f1-score": 0.3735875706214689,
      "support": 40.0
    },
    "weighted avg": {
      "precision": 0.576388888888889,
      "recall": 0.625,
      "f1-score": 0.541313559322034,
      "support": 40.0
    }
  },
  "labels": [
    "High",
    "Low",
    "Medium"
  ]
}