{
  "accuracy": 0.675,
  "macro_f1": 0.4756671899529043,
  "classification_report": {
    "High": {
      "precision": 0.0,
      "recall": 0.0,
      "f1-score": 0.0,
      "support": 5.0
    },
    "Low": {
      "precision": 0.6428571428571429,
      "recall": 0.75,
      "f1-score": 0.6923076923076923,
      "support": 12.0
    },
    "Medium": {
      "precision": 0.6923076923076923,
      "recall": 0.782608695652174,
      "f1-score": 0.7346938775510204,
      "support": 23.0
    },
    "accuracy": 0.675,
    "macro avg": {
      "precision": 0.4450549450549451,
      "recall": 0.5108695652173912,
      "f1-score": 0.4756671899529043,
      "support": 40.0
    },
    "weighted avg": {
      "precision": 0.5909340659340659,
      "recall": 0.675,
      "f1-score": 0.6301412872841444,
      "support": 40.0
    }
  },
  "labels": [
    "High",
    "Low",
    "Medium"
  ]
}