{
  "accuracy": 0.975,
  "macro_f1": 0.9622895622895623,
  "classification_report": {
    "High": {
      "precision": 0.8333333333333334,
      "recall": 1.0,
      "f1-score": 0.9090909090909091,
      "support": 5.0
    },
    "Low": {
      "precision": 1.0,
      "recall": 1.0,
      "f1-score": 1.0,
      "support": 12.0
    },
    "Medium": {
      "precision": 1.0,
      "recall": 0.9565217391304348,
      "f1-score": 0.9777777777777777,
      "support": 23.0
    },
    "accuracy": 0.975,
    "macro avg": {
      "precision": 0.9444444444444445,
      "recall": 0.9855072463768115,
      "f1-score": 0.9622895622895623,
      "support": 40.0
    },
    "weighted avg": {
      "precision": 0.9791666666666667,
      "recall": 0.975,
      "f1-score": 0.9758585858585859,
      "support": 40.0
    }
  },
  "labels": [
    "High",
    "Low",
    "Medium"
  ]
}