{
  "accuracy": 0.65,
  "macro_f1": 0.5365190365190364,
  "classification_report": {
    "High": {
      "precision": 1.0,
      "recall": 0.2,
      "f1-score": 0.3333333333333333,
      "support": 5.0
    },
    "Low": {
      "precision": 0.6,
      "recall": 0.5,
      "f1-score": 0.5454545454545454,
      "support": 12.0
    },
    "Medium": {
      "precision": 0.6551724137931034,
      "recall": 0.8260869565217391,
      "f1-score": 0.7307692307692307,
      "support": 23.0
    },
    "accuracy": 0.65,
    "macro avg": {
      "precision": 0.7517241379310345,
      "recall": 0.508695652173913,
      "f1-score": 0.5365190365190364,
      "support": 40.0
    },
    "weighted avg": {
      "precision": 0.6817241379310344,
      "recall": 0.65,
      "f1-score": 0.625495337995338,
      "support": 40.0
    }
  },
  "labels": [
    "High",
    "Low",
    "Medium"
  ],
  "notes": "Optional Day 3 check: TSTR using TVAE 5x synthetic train set and real_test evaluation."
}