group,n,accuracy,macro_f1
APAC,12,1.0,1.0
EU,11,0.9090909090909091,0.8962962962962964
NA,13,1.0,1.0
