column,count,mean,std,min,1%,5%,50%,95%,99%,max
mass_g,200.0,47.525949999999995,18.693597917818423,3.18,5.4444,16.8505,47.065,79.35799999999999,95.1306,96.08
recycled_content_pct,200.0,29.653999999999996,21.697071196188265,0.0,0.0,0.0,28.15,67.80999999999999,80.59799999999991,97.4
compliance_rohs,200.0,0.85,0.35796746153468806,0.0,0.0,0.0,1.0,1.0,1.0,1.0
contains_hazardous_substance,200.0,0.11,0.3136749269530403,0.0,0.0,0.0,0.0,1.0,1.0,1.0
