column,iqr_low,iqr_high,outlier_count
mass_g,-0.552500000000002,97.44749999999999,0
recycled_content_pct,-35.037499999999994,90.8625,1
