group,n,accuracy,macro_f1
APAC,12,0.5833333333333334,0.6507936507936507
EU,11,0.36363636363636365,0.2878787878787879
NA,13,0.6153846153846154,0.6507936507936507
Other,4,0.5,0.2222222222222222
