group,n,accuracy,macro_f1
APAC,12,0.75,0.49673202614379086
EU,11,0.5454545454545454,0.35555555555555557
NA,13,0.5384615384615384,0.2333333333333333
Other,4,0.75,0.2857142857142857
