group,n,accuracy,macro_f1
APAC,12,0.5,0.3386243386243386
EU,11,0.6363636363636364,0.4603174603174603
NA,13,0.8461538461538461,0.625
Other,4,0.75,0.48888888888888893
